USE [master]
GO
/****** Object:  Database [EJERCICIO]    Script Date: 29/05/2020 08:09:57 p. m. ******/
CREATE DATABASE [EJERCICIO]
 CONTAINMENT = NONE
 ON  PRIMARY 
( NAME = N'EJERCICIO', FILENAME = N'C:\Program Files\Microsoft SQL Server\MSSQL14.SQLEXPRESS01\MSSQL\DATA\EJERCICIO.mdf' , SIZE = 8192KB , MAXSIZE = UNLIMITED, FILEGROWTH = 65536KB )
 LOG ON 
( NAME = N'EJERCICIO_log', FILENAME = N'C:\Program Files\Microsoft SQL Server\MSSQL14.SQLEXPRESS01\MSSQL\DATA\EJERCICIO_log.ldf' , SIZE = 8192KB , MAXSIZE = 2048GB , FILEGROWTH = 65536KB )
GO
ALTER DATABASE [EJERCICIO] SET COMPATIBILITY_LEVEL = 140
GO
IF (1 = FULLTEXTSERVICEPROPERTY('IsFullTextInstalled'))
begin
EXEC [EJERCICIO].[dbo].[sp_fulltext_database] @action = 'enable'
end
GO
ALTER DATABASE [EJERCICIO] SET ANSI_NULL_DEFAULT OFF 
GO
ALTER DATABASE [EJERCICIO] SET ANSI_NULLS OFF 
GO
ALTER DATABASE [EJERCICIO] SET ANSI_PADDING OFF 
GO
ALTER DATABASE [EJERCICIO] SET ANSI_WARNINGS OFF 
GO
ALTER DATABASE [EJERCICIO] SET ARITHABORT OFF 
GO
ALTER DATABASE [EJERCICIO] SET AUTO_CLOSE ON 
GO
ALTER DATABASE [EJERCICIO] SET AUTO_SHRINK OFF 
GO
ALTER DATABASE [EJERCICIO] SET AUTO_UPDATE_STATISTICS ON 
GO
ALTER DATABASE [EJERCICIO] SET CURSOR_CLOSE_ON_COMMIT OFF 
GO
ALTER DATABASE [EJERCICIO] SET CURSOR_DEFAULT  GLOBAL 
GO
ALTER DATABASE [EJERCICIO] SET CONCAT_NULL_YIELDS_NULL OFF 
GO
ALTER DATABASE [EJERCICIO] SET NUMERIC_ROUNDABORT OFF 
GO
ALTER DATABASE [EJERCICIO] SET QUOTED_IDENTIFIER OFF 
GO
ALTER DATABASE [EJERCICIO] SET RECURSIVE_TRIGGERS OFF 
GO
ALTER DATABASE [EJERCICIO] SET  ENABLE_BROKER 
GO
ALTER DATABASE [EJERCICIO] SET AUTO_UPDATE_STATISTICS_ASYNC OFF 
GO
ALTER DATABASE [EJERCICIO] SET DATE_CORRELATION_OPTIMIZATION OFF 
GO
ALTER DATABASE [EJERCICIO] SET TRUSTWORTHY OFF 
GO
ALTER DATABASE [EJERCICIO] SET ALLOW_SNAPSHOT_ISOLATION OFF 
GO
ALTER DATABASE [EJERCICIO] SET PARAMETERIZATION SIMPLE 
GO
ALTER DATABASE [EJERCICIO] SET READ_COMMITTED_SNAPSHOT OFF 
GO
ALTER DATABASE [EJERCICIO] SET HONOR_BROKER_PRIORITY OFF 
GO
ALTER DATABASE [EJERCICIO] SET RECOVERY SIMPLE 
GO
ALTER DATABASE [EJERCICIO] SET  MULTI_USER 
GO
ALTER DATABASE [EJERCICIO] SET PAGE_VERIFY CHECKSUM  
GO
ALTER DATABASE [EJERCICIO] SET DB_CHAINING OFF 
GO
ALTER DATABASE [EJERCICIO] SET FILESTREAM( NON_TRANSACTED_ACCESS = OFF ) 
GO
ALTER DATABASE [EJERCICIO] SET TARGET_RECOVERY_TIME = 60 SECONDS 
GO
ALTER DATABASE [EJERCICIO] SET DELAYED_DURABILITY = DISABLED 
GO
ALTER DATABASE [EJERCICIO] SET QUERY_STORE = OFF
GO
USE [EJERCICIO]
GO
/****** Object:  Table [dbo].[CLIENTE]    Script Date: 29/05/2020 08:09:59 p. m. ******/
SET ANSI_NULLS ON
GO
SET QUOTED_IDENTIFIER ON
GO
CREATE TABLE [dbo].[CLIENTE](
	[NOM] [varchar](30) NOT NULL,
	[APES] [varchar](30) NOT NULL,
	[CURP] [varchar](18) NOT NULL,
	[DIR] [varchar](30) NOT NULL,
	[TEL] [int] NULL,
PRIMARY KEY CLUSTERED 
(
	[CURP] ASC
)WITH (PAD_INDEX = OFF, STATISTICS_NORECOMPUTE = OFF, IGNORE_DUP_KEY = OFF, ALLOW_ROW_LOCKS = ON, ALLOW_PAGE_LOCKS = ON) ON [PRIMARY]
) ON [PRIMARY]
GO
/****** Object:  Table [dbo].[COMPRA]    Script Date: 29/05/2020 08:09:59 p. m. ******/
SET ANSI_NULLS ON
GO
SET QUOTED_IDENTIFIER ON
GO
CREATE TABLE [dbo].[COMPRA](
	[CURP] [varchar](18) NOT NULL,
	[COD_P] [int] NULL
) ON [PRIMARY]
GO
/****** Object:  Table [dbo].[PRODUCTO]    Script Date: 29/05/2020 08:09:59 p. m. ******/
SET ANSI_NULLS ON
GO
SET QUOTED_IDENTIFIER ON
GO
CREATE TABLE [dbo].[PRODUCTO](
	[NOMP] [varchar](30) NOT NULL,
	[COD_P] [int] NOT NULL,
	[PRECIO] [float] NULL,
	[RFC_PRO] [varchar](13) NOT NULL,
PRIMARY KEY CLUSTERED 
(
	[COD_P] ASC
)WITH (PAD_INDEX = OFF, STATISTICS_NORECOMPUTE = OFF, IGNORE_DUP_KEY = OFF, ALLOW_ROW_LOCKS = ON, ALLOW_PAGE_LOCKS = ON) ON [PRIMARY]
) ON [PRIMARY]
GO
/****** Object:  Table [dbo].[PROVEEDOR]    Script Date: 29/05/2020 08:09:59 p. m. ******/
SET ANSI_NULLS ON
GO
SET QUOTED_IDENTIFIER ON
GO
CREATE TABLE [dbo].[PROVEEDOR](
	[RFC_PRO] [varchar](13) NOT NULL,
	[NOM_PRO] [varchar](30) NOT NULL,
	[DIR_PRO] [varchar](30) NOT NULL,
PRIMARY KEY CLUSTERED 
(
	[RFC_PRO] ASC
)WITH (PAD_INDEX = OFF, STATISTICS_NORECOMPUTE = OFF, IGNORE_DUP_KEY = OFF, ALLOW_ROW_LOCKS = ON, ALLOW_PAGE_LOCKS = ON) ON [PRIMARY]
) ON [PRIMARY]
GO
INSERT [dbo].[CLIENTE] ([NOM], [APES], [CURP], [DIR], [TEL]) VALUES (N'ANDREA', N'GONZALEZ', N'FDGH543232FTT433E', N'APODACA', 814195681)
GO
INSERT [dbo].[CLIENTE] ([NOM], [APES], [CURP], [DIR], [TEL]) VALUES (N'ALEXIS', N'PALACIOS', N'GFH87421654567OIH', N'APODACA', 804195687)
GO
INSERT [dbo].[CLIENTE] ([NOM], [APES], [CURP], [DIR], [TEL]) VALUES (N'DANIEL', N'GOMEZ', N'HJKIK57890IUU88E7', N'SAN PEDRO', 804195686)
GO
INSERT [dbo].[CLIENTE] ([NOM], [APES], [CURP], [DIR], [TEL]) VALUES (N'MARTINA', N'SANCHEZ', N'KIEDW13456578GRER', N'SAN NICOLAS', 814195628)
GO
INSERT [dbo].[CLIENTE] ([NOM], [APES], [CURP], [DIR], [TEL]) VALUES (N'ENRIQUE', N'MATTA', N'LAESD134354FDSF', N'GUADALUPE', 811041638)
GO
INSERT [dbo].[CLIENTE] ([NOM], [APES], [CURP], [DIR], [TEL]) VALUES (N'JORGE', N'MARTINEZ', N'MARJ98113HQTRYR02', N'ESCOBEDO', 811095688)
GO
INSERT [dbo].[CLIENTE] ([NOM], [APES], [CURP], [DIR], [TEL]) VALUES (N'JUAN', N'RODRIGUEZ', N'MHFES1234543242ED', N'SAN NICOLAS', 814195682)
GO
INSERT [dbo].[CLIENTE] ([NOM], [APES], [CURP], [DIR], [TEL]) VALUES (N'JUDITH', N'SUAREZ', N'NEDFE0867865OYYIE', N'SAN NICOLAS', 804195684)
GO
INSERT [dbo].[CLIENTE] ([NOM], [APES], [CURP], [DIR], [TEL]) VALUES (N'JEAN', N'REYNA', N'ÑKHY521643243FWSG', N'SAN PEDRO', 804195683)
GO
INSERT [dbo].[CLIENTE] ([NOM], [APES], [CURP], [DIR], [TEL]) VALUES (N'ALAN', N'MALDONADO', N'POIUYDRD2D4532FRF', N'GUADALUPE', 804195685)
GO
INSERT [dbo].[CLIENTE] ([NOM], [APES], [CURP], [DIR], [TEL]) VALUES (N'ISAI', N'GARCIA', N'UEEB8343489344WWF', N'APODACA', 81104118)
GO
INSERT [dbo].[CLIENTE] ([NOM], [APES], [CURP], [DIR], [TEL]) VALUES (N'ORLANDO', N'CONTRERAS', N'ZASDW12347654GSFY', N'MONTERREY', 814195680)
GO
INSERT [dbo].[COMPRA] ([CURP], [COD_P]) VALUES (N'MARJ98113HQTRYR02', 1)
GO
INSERT [dbo].[COMPRA] ([CURP], [COD_P]) VALUES (N'FDGH543232FTT433E', 2)
GO
INSERT [dbo].[COMPRA] ([CURP], [COD_P]) VALUES (N'MHFES1234543242ED', 1)
GO
INSERT [dbo].[COMPRA] ([CURP], [COD_P]) VALUES (N'NEDFE0867865OYYIE', 11)
GO
INSERT [dbo].[COMPRA] ([CURP], [COD_P]) VALUES (N'POIUYDRD2D4532FRF', 3)
GO
INSERT [dbo].[COMPRA] ([CURP], [COD_P]) VALUES (N'HJKIK57890IUU88E7', 8)
GO
INSERT [dbo].[COMPRA] ([CURP], [COD_P]) VALUES (N'GFH87421654567OIH', 6)
GO
INSERT [dbo].[COMPRA] ([CURP], [COD_P]) VALUES (N'MARJ98113HQTRYR02', 1)
GO
INSERT [dbo].[COMPRA] ([CURP], [COD_P]) VALUES (N'ZASDW12347654GSFY', 2)
GO
INSERT [dbo].[COMPRA] ([CURP], [COD_P]) VALUES (N'UEEB8343489344WWF', 7)
GO
INSERT [dbo].[COMPRA] ([CURP], [COD_P]) VALUES (N'KIEDW13456578GRER', 8)
GO
INSERT [dbo].[COMPRA] ([CURP], [COD_P]) VALUES (N'LAESD134354FDSF', 5)
GO
INSERT [dbo].[COMPRA] ([CURP], [COD_P]) VALUES (N'LAESD134354FDSF', 9)
GO
INSERT [dbo].[COMPRA] ([CURP], [COD_P]) VALUES (N'NEDFE0867865OYYIE', 7)
GO
INSERT [dbo].[COMPRA] ([CURP], [COD_P]) VALUES (N'POIUYDRD2D4532FRF', 8)
GO
INSERT [dbo].[COMPRA] ([CURP], [COD_P]) VALUES (N'MARJ98113HQTRYR02', 10)
GO
INSERT [dbo].[COMPRA] ([CURP], [COD_P]) VALUES (N'ÑKHY521643243FWSG', 11)
GO
INSERT [dbo].[COMPRA] ([CURP], [COD_P]) VALUES (N'GFH87421654567OIH', 2)
GO
INSERT [dbo].[COMPRA] ([CURP], [COD_P]) VALUES (N'FDGH543232FTT433E', 2)
GO
INSERT [dbo].[COMPRA] ([CURP], [COD_P]) VALUES (N'MHFES1234543242ED', 1)
GO
INSERT [dbo].[COMPRA] ([CURP], [COD_P]) VALUES (N'NEDFE0867865OYYIE', 11)
GO
INSERT [dbo].[COMPRA] ([CURP], [COD_P]) VALUES (N'POIUYDRD2D4532FRF', 3)
GO
INSERT [dbo].[COMPRA] ([CURP], [COD_P]) VALUES (N'HJKIK57890IUU88E7', 8)
GO
INSERT [dbo].[COMPRA] ([CURP], [COD_P]) VALUES (N'GFH87421654567OIH', 6)
GO
INSERT [dbo].[COMPRA] ([CURP], [COD_P]) VALUES (N'ZASDW12347654GSFY', 2)
GO
INSERT [dbo].[COMPRA] ([CURP], [COD_P]) VALUES (N'UEEB8343489344WWF', 7)
GO
INSERT [dbo].[COMPRA] ([CURP], [COD_P]) VALUES (N'KIEDW13456578GRER', 8)
GO
INSERT [dbo].[COMPRA] ([CURP], [COD_P]) VALUES (N'LAESD134354FDSF', 5)
GO
INSERT [dbo].[COMPRA] ([CURP], [COD_P]) VALUES (N'LAESD134354FDSF', 9)
GO
INSERT [dbo].[COMPRA] ([CURP], [COD_P]) VALUES (N'NEDFE0867865OYYIE', 7)
GO
INSERT [dbo].[COMPRA] ([CURP], [COD_P]) VALUES (N'POIUYDRD2D4532FRF', 8)
GO
INSERT [dbo].[COMPRA] ([CURP], [COD_P]) VALUES (N'MARJ98113HQTRYR02', 10)
GO
INSERT [dbo].[COMPRA] ([CURP], [COD_P]) VALUES (N'ÑKHY521643243FWSG', 11)
GO
INSERT [dbo].[COMPRA] ([CURP], [COD_P]) VALUES (N'GFH87421654567OIH', 2)
GO
INSERT [dbo].[PRODUCTO] ([NOMP], [COD_P], [PRECIO], [RFC_PRO]) VALUES (N'GALLETA DE LIMON', 1, 10.6, N'GALTS092323DF')
GO
INSERT [dbo].[PRODUCTO] ([NOMP], [COD_P], [PRECIO], [RFC_PRO]) VALUES (N'GALLETA DE AVENA', 2, 11.3, N'GALTS092323DF')
GO
INSERT [dbo].[PRODUCTO] ([NOMP], [COD_P], [PRECIO], [RFC_PRO]) VALUES (N'GALLETA DE CHOCOLATE', 3, 11.2, N'GALTS092323DF')
GO
INSERT [dbo].[PRODUCTO] ([NOMP], [COD_P], [PRECIO], [RFC_PRO]) VALUES (N'PAITAS CON SAL', 4, 14.6, N'PAPS1234337NL')
GO
INSERT [dbo].[PRODUCTO] ([NOMP], [COD_P], [PRECIO], [RFC_PRO]) VALUES (N'PAPITAS DE LIMON', 5, 13.4, N'PAPS1234337NL')
GO
INSERT [dbo].[PRODUCTO] ([NOMP], [COD_P], [PRECIO], [RFC_PRO]) VALUES (N'PAPITAS DE CHILE', 6, 16.5, N'PAPS1234337NL')
GO
INSERT [dbo].[PRODUCTO] ([NOMP], [COD_P], [PRECIO], [RFC_PRO]) VALUES (N'PAPITAS DE QUESO', 7, 14.5, N'PAPS1234337NL')
GO
INSERT [dbo].[PRODUCTO] ([NOMP], [COD_P], [PRECIO], [RFC_PRO]) VALUES (N'PAPITAS NORMALES', 8, 14.7, N'PAPS1234337NL')
GO
INSERT [dbo].[PRODUCTO] ([NOMP], [COD_P], [PRECIO], [RFC_PRO]) VALUES (N'PALETAS DE CEREZA', 9, 1.34, N'PALTS786534GD')
GO
INSERT [dbo].[PRODUCTO] ([NOMP], [COD_P], [PRECIO], [RFC_PRO]) VALUES (N'PALETAS DE CARAMELO', 10, 2.35, N'PALTS786534GD')
GO
INSERT [dbo].[PRODUCTO] ([NOMP], [COD_P], [PRECIO], [RFC_PRO]) VALUES (N'PALETAS DE CAJETA', 11, 4.87, N'PALTS786534GD')
GO
INSERT [dbo].[PRODUCTO] ([NOMP], [COD_P], [PRECIO], [RFC_PRO]) VALUES (N'CHICLES', 12, 0.5, N'CHCLS34R433NL')
GO
INSERT [dbo].[PROVEEDOR] ([RFC_PRO], [NOM_PRO], [DIR_PRO]) VALUES (N'CHCLS34R433NL', N'CHICLES NUEVO LEON', N'MONTERREY')
GO
INSERT [dbo].[PROVEEDOR] ([RFC_PRO], [NOM_PRO], [DIR_PRO]) VALUES (N'GALTS092323DF', N'PALETITAS DF', N'ESTADO DE MEXICO')
GO
INSERT [dbo].[PROVEEDOR] ([RFC_PRO], [NOM_PRO], [DIR_PRO]) VALUES (N'PALTS786534GD', N'PALETAS GUADALAJARA', N'ZAPOPAN')
GO
INSERT [dbo].[PROVEEDOR] ([RFC_PRO], [NOM_PRO], [DIR_PRO]) VALUES (N'PAPS1234337NL', N'PAPITAS NUEVO LEON', N'SAN NICOLAS')
GO
ALTER TABLE [dbo].[COMPRA]  WITH CHECK ADD FOREIGN KEY([COD_P])
REFERENCES [dbo].[PRODUCTO] ([COD_P])
GO
ALTER TABLE [dbo].[COMPRA]  WITH CHECK ADD FOREIGN KEY([CURP])
REFERENCES [dbo].[CLIENTE] ([CURP])
GO
ALTER TABLE [dbo].[PRODUCTO]  WITH CHECK ADD FOREIGN KEY([RFC_PRO])
REFERENCES [dbo].[PROVEEDOR] ([RFC_PRO])
GO
USE [master]
GO
ALTER DATABASE [EJERCICIO] SET  READ_WRITE 
GO
