USE EJERCICIO
GO
INSERT INTO CLIENTE(NOM,APES,CURP,DIR,TEL) VALUES('JORGE','MARTINEZ','MARJ98113HQTRYR02','ESCOBEDO','811095688')
INSERT INTO CLIENTE(NOM,APES,CURP,DIR,TEL) VALUES('ANDREA','GONZALEZ','FDGH543232FTT433E','APODACA','814195681')
INSERT INTO CLIENTE(NOM,APES,CURP,DIR,TEL) VALUES('JUAN','LUNA','MHFES1234543242ED','SAN NICOLAS','814195682')
INSERT INTO CLIENTE(NOM,APES,CURP,DIR,TEL) VALUES('JEAN','REYNA','ÑKHY521643243FWSG','SAN PEDRO','804195683')
INSERT INTO CLIENTE(NOM,APES,CURP,DIR,TEL) VALUES('JUDITH','SUAREZ','NEDFE0867865OYYIE','SAN NICOLAS','804195684')
INSERT INTO CLIENTE(NOM,APES,CURP,DIR,TEL) VALUES('ALAN','MALDONADO','POIUYDRD2D4532FRF','GUADALUPE','804195685')
INSERT INTO CLIENTE(NOM,APES,CURP,DIR,TEL) VALUES('DANIEL','GOMEZ','HJKIK57890IUU88E7','SAN PEDRO','804195686')
INSERT INTO CLIENTE(NOM,APES,CURP,DIR,TEL) VALUES('ALEXIS','PALACIOS','GFH87421654567OIH','APODACA','804195687')
INSERT INTO CLIENTE(NOM,APES,CURP,DIR,TEL) VALUES('MONICA','MEDINA','JHYF9375123484RRF','ESCOBEDO','804195689')
INSERT INTO CLIENTE(NOM,APES,CURP,DIR,TEL) VALUES('ORLANDO','CONTRERAS','ZASDW12347654GSFY','SAN PEDRO','814195680')
INSERT INTO CLIENTE(NOM,APES,CURP,DIR,TEL) VALUES('ISAI','GARCIA','UEEB8343489344WWF','APODACA','81104118')
INSERT INTO CLIENTE(NOM,APES,CURP,DIR,TEL) VALUES('MARTINA','SANCHEZ','KIEDW13456578GRER','SAN NICOLAS','814195628')
INSERT INTO CLIENTE(NOM,APES,CURP,DIR,TEL) VALUES('ENRIQUE','MATTA','LAESD134354FDSF','GUADALUPE','811041638')
UPDATE CLIENTE
SET APES = 'RODRIGUEZ'
WHERE NOM = 'JUAN'
UPDATE CLIENTE
SET DIR = 'MONTERREY'
WHERE NOM = 'ORLANDO'
SELECT * FROM CLIENTE
DELETE FROM CLIENTE
WHERE CURP ='JHYF9375123484RRF'
INSERT INTO COMPRA(CURP,COD_P)VALUES('MARJ98113HQTRYR02','1')
INSERT INTO COMPRA(CURP,COD_P)VALUES('FDGH543232FTT433E','2')
INSERT INTO COMPRA(CURP,COD_P)VALUES('MHFES1234543242ED','1')
INSERT INTO COMPRA(CURP,COD_P)VALUES('ÑKHY521643243FWSG','12')
INSERT INTO COMPRA(CURP,COD_P)VALUES('NEDFE0867865OYYIE','11')
INSERT INTO COMPRA(CURP,COD_P)VALUES('POIUYDRD2D4532FRF','3')
INSERT INTO COMPRA(CURP,COD_P)VALUES('HJKIK57890IUU88E7','8')
INSERT INTO COMPRA(CURP,COD_P)VALUES('GFH87421654567OIH','6')
INSERT INTO COMPRA(CURP,COD_P)VALUES('JHYF9375123484RRF','3')
INSERT INTO COMPRA(CURP,COD_P)VALUES('ZASDW12347654GSFY','2')
INSERT INTO COMPRA(CURP,COD_P)VALUES('UEEB8343489344WWF','7')
INSERT INTO COMPRA(CURP,COD_P)VALUES('KIEDW13456578GRER','8')
INSERT INTO COMPRA(CURP,COD_P)VALUES('LAESD134354FDSF','5')
INSERT INTO COMPRA(CURP,COD_P)VALUES('LAESD134354FDSF','9')
INSERT INTO COMPRA(CURP,COD_P)VALUES('NEDFE0867865OYYIE','7')
INSERT INTO COMPRA(CURP,COD_P)VALUES('POIUYDRD2D4532FRF','8')
INSERT INTO COMPRA(CURP,COD_P)VALUES('MARJ98113HQTRYR02','10')
INSERT INTO COMPRA(CURP,COD_P)VALUES('ÑKHY521643243FWSG','11')
INSERT INTO COMPRA(CURP,COD_P)VALUES('GFH87421654567OIH','2')
INSERT INTO COMPRA(CURP,COD_P)VALUES('JHYF9375123484RRF','1')
UPDATE COMPRA
SET COD_P = '5'
WHERE CURP = 'JHYF9375123484RRF'
DELETE FROM COMPRA
WHERE COD_P = '12'
DELETE FROM COMPRA
WHERE CURP = 'JHYF9375123484RRF'
DELETE FROM COMPRA
WHERE CURP = 'JHYF9375123484RRF'
INSERT INTO PRODUCTO(NOMP,COD_P,PRECIO,RFC_PRO)VALUES('GALLETA DE LIMON','1','10.6','GALTS092323DF')
INSERT INTO PRODUCTO(NOMP,COD_P,PRECIO,RFC_PRO)VALUES('GALLETA DE AVENA','2','11.3','GALTS092323DF')
INSERT INTO PRODUCTO(NOMP,COD_P,PRECIO,RFC_PRO)VALUES('GALLETA DE CHOCOLATE','3','11.2','GALTS092323DF')
INSERT INTO PRODUCTO(NOMP,COD_P,PRECIO,RFC_PRO)VALUES('PAITAS CON SAL','4','14.6','PAPS1234337NL')
INSERT INTO PRODUCTO(NOMP,COD_P,PRECIO,RFC_PRO)VALUES('PAPITAS DE LIMON','5','13.4','PAPS1234337NL')
INSERT INTO PRODUCTO(NOMP,COD_P,PRECIO,RFC_PRO)VALUES('PAPITAS DE CHILE','6','16.5','PAPS1234337NL')
INSERT INTO PRODUCTO(NOMP,COD_P,PRECIO,RFC_PRO)VALUES('PAPITAS DE QUESO','7','17.8','PAPS1234337NL')
INSERT INTO PRODUCTO(NOMP,COD_P,PRECIO,RFC_PRO)VALUES('PAPITAS NORMALES','8','14.7','PAPS1234337NL')
INSERT INTO PRODUCTO(NOMP,COD_P,PRECIO,RFC_PRO)VALUES('PALETAS DE CEREZA','9','1.34','PALTS786534GD')
INSERT INTO PRODUCTO(NOMP,COD_P,PRECIO,RFC_PRO)VALUES('PALETAS DE CARAMELO','10','2.35','PALTS786534GD')
INSERT INTO PRODUCTO(NOMP,COD_P,PRECIO,RFC_PRO)VALUES('PALETAS DE CAJETA','11','4.87','PALTS786534GD')
INSERT INTO PRODUCTO(NOMP,COD_P,PRECIO,RFC_PRO)VALUES('CHICLES','12','.5','CHCLS34R433NL')
INSERT INTO PRODUCTO(NOMP,COD_P,PRECIO,RFC_PRO)VALUES('CHICLES DE FRESA','13','1.0','CHCLS34R433NL')
UPDATE PRODUCTO
SET PRECIO= '14.5'
WHERE NOMP = 'PAPITAS DE QUESO'
DELETE FROM PRODUCTO
WHERE COD_P = '13'
SELECT * FROM PRODUCTO
INSERT INTO PROVEEDOR(RFC_PRO,NOM_PRO,DIR_PRO)VALUES('GALTS092323DF','PALETITAS DF','ESTADO DE MEXICO')
INSERT INTO PROVEEDOR(RFC_PRO,NOM_PRO,DIR_PRO)VALUES('PAPS1234337NL','PAPITAS NUEVO LEON','SAN NICOLAS')
INSERT INTO PROVEEDOR(RFC_PRO,NOM_PRO,DIR_PRO)VALUES('PALTS786534GD','PALETAS GUADALAJARA','ASCAPOZALCO')
INSERT INTO PROVEEDOR(RFC_PRO,NOM_PRO,DIR_PRO)VALUES('CHCLS34R433NL','CHICLES NUEVO LEON','MONTERREY')
INSERT INTO PROVEEDOR(RFC_PRO,NOM_PRO,DIR_PRO)VALUES('CHCLS34R4OIJL','CHICLES JALISCO','JALISCO')
DELETE FROM PROVEEDOR
WHERE RFC_PRO = 'CHCLS34R4OIJL'
UPDATE PROVEEDOR
SET DIR_PRO= 'ZAPOPAN'
WHERE RFC_PRO = 'PALTS786534GD'
SELECT * FROM PROVEEDOR
